{"cameraMode":{"drawMode":0,"name":"Shaded","section":"Shading Mode"},"sceneLighting":true,"audioPlay":false,"sceneViewState":{"m_AlwaysRefresh":false,"showFog":true,"showSkybox":true,"showFlares":true,"showImageEffects":true,"showParticleSystems":true,"showVisualEffectGraphs":true,"m_FxEnabled":true},"in2DMode":false,"pivot":{"x":-1.432403564453125,"y":0.8008760213851929,"z":0.1188669204711914},"rotation":{"x":-0.04281781241297722,"y":-0.2872466444969177,"z":0.012733622454106808,"w":-0.9568742513656616},"size":2.855246067047119,"orthographic":true}