{"cameraMode":{"drawMode":0,"name":"Shaded","section":"Shading Mode"},"sceneLighting":true,"audioPlay":false,"sceneViewState":{"m_AlwaysRefresh":false,"showFog":true,"showSkybox":true,"showFlares":true,"showImageEffects":true,"showParticleSystems":true,"showVisualEffectGraphs":true,"m_FxEnabled":true},"in2DMode":false,"pivot":{"x":-1.432403564453125,"y":0.8008760213851929,"z":0.1188669204711914},"rotation":{"x":-0.08810670673847199,"y":-0.18041527271270753,"z":0.016114970669150354,"w":-0.9795623421669006},"size":3.2247207164764406,"orthographic":true}